{"cameraMode":{"drawMode":0,"name":"Shaded","section":"Shading Mode"},"sceneLighting":true,"audioPlay":false,"sceneViewState":{"m_AlwaysRefresh":false,"showFog":true,"showSkybox":true,"showFlares":true,"showImageEffects":true,"showParticleSystems":true,"showVisualEffectGraphs":true,"m_FxEnabled":true},"in2DMode":false,"pivot":{"x":64.37701416015625,"y":2.8577592372894289,"z":0.04616249352693558},"rotation":{"x":0.13540996611118318,"y":0.8401667475700378,"z":-0.24476198852062226,"w":0.4646569490432739},"size":0.004363119602203369,"orthographic":false}